City,Country
London,United Kingdom
Dubai,United Arab Emirates
Paris,France
Perth,Australia
Sydney,Australia
Melbourne,Australia
Doha,Qatar
New York,United States
Dublin,Ireland
Berlin,Germany
Montreal,Canada
Toronto,Canada
Cape Town,South Africa
Ottawa,Canada
Brisbane,Australia
Adelaide,Australia
Lausanne,Switzerland
Los Angeles,United States
Auckland,New Zealand
Abu Dhabi,United Arab Emirates
Hong Kong,Hong Kong
Phoenix,United States
Muscat,Oman
Munich,Germany
Edmonton,Canada
Zurich,Switzerland
Luxembourg,Luxembourg
Calgary,Canada
San Francisco,United States
Seattle,United States
Madrid,Spain
Saint Louis,United States
Houston,United States
Newark,United States
Atlanta,United States
Las Vegas,United States
Austin,United States
Brussels,Belgium
Lyon,France
Dresden,Germany
Dallas,United States
Hamburg,Germany
Indianapolis,United States
Charlotte,United States
Miami,United States
Orlando,United States
Malaga,Spain
Baltimore,United States
Tampa,United States
Glasgow,United Kingdom
Portland,United States
Basel,Switzerland
Strasbourg,France
Johannesburg,South Africa
Amsterdam,Netherlands
Edinburgh,United Kingdom
San Antonio,United States
Cork,United Kingdom
Minneapolis,United States
Dusseldorf,Germany
Barcelona,Spain
Christchurch,New Zealand
Leicester,United Kingdom
Philadelphia,United States
San Diego,United States
Geneva,Switzerland
The Hague,Netherlands
Canberra,Australia
Riyadh,Morocco
Galway,United Kingdom
Asheville,United States
Chicago,United States
Stockholm,Sweden
Copenhagen,Denmark
Alicante,Spain
Frankfurt,Germany
Vancouver,Canada
Leeds,United Kingdom
New Orleans,United States
Nice,France
Stuttgart,Germany
Seoul,South Korea
Noida,India
Boston,United States
Cologne,Germany
Belfast,United Kingdom
Cambridge,United Kingdom
Toulouse,France
Oslo,Norway
Regina,Canada
Rochester,United States
Gold Coast,Australia
Marbella,Spain
Milan,Italy
Manchester,United Kingdom
Aberdeen,United Kingdom
Vienna,Austria
Washington,United States
Aachen,Germany
Marseille,France
Victoria,Canada
Malmo,Sweden
Hamilton,Canada
Helsinki,Finland
Honolulu,United States
Liverpool,United Kingdom
Singapore,Singapore
Valencia,Spain
Wellington,New Zealand
Sliema,Malta
Oxford,United Kingdom
Birmingham,United States
Bergen,Norway
Rotterdam,Netherlands
Brighton,United Kingdom
Nashville,United States
Pretoria,South Africa
Nottingham,United Kingdom
Trondheim,Norway
Istanbul,Turkey
Fortaleza,Brazil
Tokyo,Japan
Utrecht,Netherlands
Bristol,United Kingdom
Darwin,Australia
Stavanger,Norway
Hyderabad,India
Pune,India
Rome,Italy
Haifa,Israel
Venice,Italy
Nicosia,Cyprus
Limassol,Cyprus
Jerusalem,Israel
Chennai,India
Bangalore,India
Kuala Lumpur,Malaysia
Gurgaon,India
Lisbon,Portugal
Manama,Bahrain
Taipei,Taiwan
Buenos Aires,Argentina
Mumbai,India
Delhi,India
Athens,Greece
Warsaw,Poland
Prague,Czech Republic
Florence,Italy
Vadodara,India
Indore,India
Moscow,Russia
Naples,Italy
Porto,Portugal
Ahmedabad,India
Curitiba,Brazil
Izmir,Turkey
Shanghai,China
Sao Paulo,Brazil
Ljubljana,Slovenia
Kolkata,India
Gaborone,Botswana
Mexico City,Mexico
Braga,Portugal
Bratislava,Slovakia
Gothenburg,Sweden
Santiago,Chile
Santo Domingo,Dominican Republic
Amman,Jordan
Kochi,India
Bangkok,Thailand
Beijing,China
Budapest,Hungary
Zagreb,Croatia
Thessaloniki,Greece
Cordoba,Spain
Rio De Janeiro,Brazil
Lodz,Poland
Lima,Peru
Saint Petersburg,Russia
Colombo,Sri Lanka
Lagos,Nigeria
Vilnius,Lithuania
Bucharest,Romania
Tehran,Iran
Sofia,Bulgaria
Antalya,Turkey
Belo Horizonte,Brazil
Montevideo,Uruguay
Belgrade,Serbia
Dhaka,Bangladesh
Nairobi,Kenya
Varna,Bulgaria
Pattaya,Thailand
Detroit,United States
Bogota,Colombia
Porto Alegre,Brazil
Medellin,Colombia
Kiev,Ukraine
Tirana,Albania
Davao,Philippines
Jakarta,Indonesia
Kharkiv,Ukraine
Chiang Mai,Thailand
Minsk,Belarus
Manila,Philippines
Ulaanbaatar,Mongolia
Casablanca,Morocco
Cairo,Egypt
Karachi,Pakistan
Lahore,Pakistan
Quito,Ecuador
Cebu,Philippines
Hanoi,Vietnam
Baku,Azerbaijan
Caracas,Venezuela
Addis Ababa,Ethiopia
